DATE|S&P500D|TBILL|GM|GE|rm -rf|ge - rf
ene-47|0,0214091600|0,0003061506|0,1309520000|0,0905920000|0,0211030094|0,0902858494
feb-47|-0,0079974510|0,0003061506|0,0294740000|-0,0383390000|-0,0083036016|-0,0386451506
mar-47|-0,0147036100|0,0003061506|-0,0207040000|-0,0458470000|-0,0150097606|-0,0461531506
abr-47|-0,0394727700|0,0003061506|-0,0211420000|-0,0211270000|-0,0397789206|-0,0214331506
may-47|-0,0012770540|0,0003061506|-0,0259180000|-0,0107910000|-0,0015832046|-0,0110971506
jun-47|0,0542952800|0,0003061506|0,0606740000|0,0443640000|0,0539891294|0,0440578494
jul-47|0,0394221800|0,0006195512|0,0275420000|0,0739440000|0,0388026288|0,0733244488
ago-47|-0,0230768300|0,0006278275|-0,0082470000|-0,0360660000|-0,0237046575|-0,0366938275
sep-47|-0,0099583080|0,0006865682|-0,0084210000|0,0040820000|-0,0106448762|0,0033954318
oct-47|0,0206580800|0,0007287387|0,0127390000|0,0000000000|0,0199293413|-0,0007287387
nov-47|-0,0174964600|0,0007832834|-0,0230610000|-0,0410960000|-0,0182797434|-0,0418792834
dic-47|0,0303124600|0,0007915449|0,0130430000|0,0328570000|0,0295209151|0,0320654551
ene-48|-0,0378370700|0,0008171508|-0,0450640000|-0,0384620000|-0,0386542208|-0,0392791508
feb-48|-0,0401438400|0,0008254092|-0,0494380000|-0,0509090000|-0,0409692492|-0,0517344092
mar-48|0,0814657000|0,0008254092|0,0503600000|0,1157090000|0,0806402908|0,1148835908
abr-48|0,0301694300|0,0008254092|0,0136990000|-0,0312500000|0,0293440208|-0,0320754092
may-48|0,0841427700|0,0008295381|0,1531530000|0,2043010000|0,0833132319|0,2034714619
jun-48|0,0078820320|0,0008295381|0,0079050000|-0,0113100000|0,0070524939|-0,0121395381
jul-48|-0,0521430500|0,0008254092|-0,0274510000|-0,0699090000|-0,0529684592|-0,0707344092
ago-48|0,0153390000|0,0004721055|0,0221770000|0,0326800000|0,0148668945|0,0322078945
sep-48|-0,0264540100|0,0005060889|-0,0340680000|0,0000000000|-0,0269600989|-0,0005060889
oct-48|0,0696666100|0,0005102324|0,0809130000|0,0833330000|0,0691563776|0,0828227676
nov-48|-0,0980717400|0,0005392312|-0,1074860000|-0,1183430000|-0,0986109712|-0,1188822312
dic-48|0,0360150700|0,0009508450|0,0467710000|0,0570470000|0,0350642250|0,0560961550
ene-49|0,0025635090|0,0009590912|0,0340430000|-0,0160770000|0,0016044178|-0,0170360912
feb-49|-0,0311345600|0,0009590912|-0,0329220000|-0,0588240000|-0,0320936512|-0,0597830912
mar-49|0,0335980800|0,0009590912|0,0347830000|0,0659720000|0,0326389888|0,0650129088
abr-49|-0,0192348600|0,0009549682|-0,0336130000|-0,0231020000|-0,0201898282|-0,0240569682
may-49|-0,0287924200|0,0009549682|-0,0217390000|-0,0506760000|-0,0297473882|-0,0516309682
jun-49|0,0027072040|0,0009005264|0,0227270000|0,0035590000|0,0018066776|0,0026584736
jul-49|0,0618395100|0,0008460520|0,1000000000|0,0683450000|0,0609934580|0,0674989480
ago-49|0,0219347500|0,0008716425|0,0202020000|0,0033670000|0,0210631075|0,0024953575
sep-49|0,0273939100|0,0008757693|0,0181820000|0,0100670000|0,0265181407|0,0091912307
oct-49|0,0303307800|0,0008798960|0,0734130000|0,0202020000|0,0294508840|0,0193221040
nov-49|0,0197634600|0,0009178523|0,0443620000|0,0561060000|0,0188456077|0,0551881477
dic-49|0,0526322100|0,0009005264|0,0790960000|0,0781250000|0,0517316836|0,0772244736
ene-50|0,0183049200|0,0009384741|0,0226880000|0,0474780000|0,0173664459|0,0465395259
feb-50|0,0196126000|0,0009425979|0,0494880000|0,0481590000|0,0186700021|0,0472164021
mar-50|0,0081743610|0,0009467215|0,0149250000|0,0129730000|0,0072276395|0,0120262785
abr-50|0,0454957500|0,0009764060|0,1209150000|0,0459460000|0,0445193440|0,0449695940
may-50|0,0468204300|0,0009681613|0,0714290000|0,0180880000|0,0458522687|0,0171198387
jun-50|-0,0524983200|0,0009681613|-0,0318120000|-0,0664970000|-0,0534664813|-0,0674651613
jul-50|0,0158699800|0,0009681613|-0,0257140000|0,0137740000|0,0149018187|0,0128058387
ago-50|0,0471962700|0,0010851665|0,1011730000|0,0380430000|0,0461111035|0,0369578335
sep-50|0,0596797900|0,0011016340|0,0904030000|0,0073300000|0,0585781560|0,0062283660
oct-50|0,0042117530|0,0011148058|0,0229590000|0,0236840000|0,0030969472|0,0225691942
nov-50|0,0230410700|0,0011518415|-0,0274310000|0,0000000000|0,0218892285|-0,0011518415
dic-50|0,0554403200|0,0011312680|0,0000000000|0,0572180000|0,0543090520|0,0560867320
ene-51|0,0646932200|0,0011394980|0,0783780000|0,0552760000|0,0635537220|0,0541365020
feb-51|0,0147055900|0,0011477272|0,0275690000|0,0642860000|0,0135578628|0,0631382728
mar-51|-0,0176228100|0,0012571051|0,0323380000|-0,0089490000|-0,0188799151|-0,0102061051
abr-51|0,0493798200|0,0012234011|0,0337350000|0,0160180000|0,0481564189|0,0147945989
may-51|-0,0296256700|0,0012612145|-0,0559440000|-0,0337840000|-0,0308868845|-0,0350452145
jun-51|-0,0253821500|0,0013072270|-0,0654910000|-0,0023310000|-0,0266893770|-0,0036382270
jul-51|0,0703261800|0,0013450055|0,0242590000|0,0592420000|0,0689811745|0,0578969945
ago-51|0,0501639300|0,0013655308|0,0736840000|0,0671140000|0,0487983992|0,0657484692
sep-51|0,0028817280|0,0013819477|0,0250000000|0,0419290000|0,0014997803|0,0405470523
oct-51|-0,0129013300|0,0013031196|-0,0195120000|-0,0835030000|-0,0142044496|-0,0848061196
nov-51|0,0111883300|0,0013359730|0,0223880000|-0,0044440000|0,0098523570|-0,0057799730
dic-51|0,0418594400|0,0014787470|0,0322580000|0,0758930000|0,0403806930|0,0744142530
ene-52|0,0178049600|0,0013031196|-0,0168270000|-0,0210080000|0,0165018404|-0,0223111196
feb-52|-0,0246752700|0,0013359730|0,0097800000|-0,0536480000|-0,0260112430|-0,0549839730
mar-52|0,0518413400|0,0012694327|0,0888890000|0,0884350000|0,0505719073|0,0871655673
abr-52|-0,0414825600|0,0013950790|-0,0272110000|-0,0379750000|-0,0428776390|-0,0393700790
may-52|0,0335662000|0,0014574272|0,0419580000|0,0460530000|0,0321087728|0,0445955728
jun-52|0,0478230300|0,0014615276|0,0637810000|0,0670860000|0,0463615024|0,0656244724
jul-52|0,0198305500|0,0015656147|0,0256960000|0,0019880000|0,0182649353|0,0004223853
ago-52|-0,0063466750|0,0015410380|0,0229650000|0,0019840000|-0,0078877130|0,0004429620
sep-52|-0,0180660400|0,0014114906|-0,0103730000|0,0138610000|-0,0194775306|0,0124495094
oct-52|0,0002889575|0,0014820266|0,0188680000|-0,0158100000|-0,0011930691|-0,0172920266
nov-52|0,0610818200|0,0016450343|0,0740740000|0,1285140000|0,0594367857|0,1268689657
dic-52|0,0387282000|0,0016785826|0,0719840000|0,0462630000|0,0370496174|0,0445844174
ene-53|-0,0068449020|0,0016368499|-0,0127040000|-0,0515460000|-0,0084817519|-0,0531828499
feb-53|-0,0073066560|0,0017538167|-0,0110290000|0,0000000000|-0,0090604727|-0,0017538167
mar-53|-0,0222438700|0,0016998507|-0,0471700000|0,0036230000|-0,0239437207|0,0019231493
abr-53|-0,0251276900|0,0018738990|-0,0138610000|0,0273720000|-0,0270015890|0,0254981010
may-53|0,0072092870|0,0018698171|0,0040160000|0,0248670000|0,0053394699|0,0229971829
jun-53|-0,0142110600|0,0016704012|-0,0264230000|-0,0051990000|-0,0158814612|-0,0068694012
jul-53|0,0260652800|0,0017489121|0,0083510000|0,0316900000|0,0243163679|0,0299410879
ago-53|-0,0498145500|0,0016196603|-0,0600410000|-0,0341300000|-0,0514342103|-0,0357496603
sep-53|0,0022174800|0,0012776502|0,0000000000|0,0459360000|0,0009398298|0,0446583498
oct-53|0,0509351700|0,0010513987|0,0852020000|0,1143350000|0,0498837713|0,1132836013
nov-53|0,0236340300|0,0012940829|0,0061980000|0,1087290000|0,0223399471|0,1074349171
dic-53|0,0017997380|0,0011567785|-0,0041750000|-0,0111730000|0,0006429595|-0,0123297785
ene-54|0,0499131900|0,0008419238|0,0587000000|0,0628570000|0,0490712662|0,0620150762
feb-54|0,0160365300|0,0008336669|0,0178220000|0,0793010000|0,0152028631|0,0784673331
mar-54|0,0309378400|0,0008460520|0,0375490000|0,0747200000|0,0300917880|0,0738739480
abr-54|0,0480209600|0,0006576163|0,0647620000|0,1532160000|0,0473633437|0,1525583837
may-54|0,0428165300|0,0005814701|0,0393560000|-0,0476670000|0,0422350599|-0,0482484701
jun-54|0,0024086180|0,0005226616|0,0157070000|0,1859430000|0,0018859564|0,1854203384
jul-54|0,0585620100|0,0006485152|0,1271480000|-0,0434780000|0,0579134948|-0,0441265152
ago-54|-0,0257908300|0,0008460520|-0,0426830000|-0,0568180000|-0,0266368820|-0,0576640520
sep-54|0,0828123000|0,0008212801|0,1677420000|0,0638550000|0,0819910199|0,0630337199
oct-54|-0,0179446000|0,0008336669|-0,0069060000|-0,0371430000|-0,0187782669|-0,0379766669
nov-54|0,0955266400|0,0008675155|0,0417250000|0,0860530000|0,0946591245|0,0851854845
dic-54|0,0539519400|0,0008336669|0,0682130000|0,0306010000|0,0531182731|0,0297673331
ene-55|0,0183312200|0,0009261016|0,0089400000|0,0641710000|0,0174051184|0,0632448984
feb-55|0,0134281800|0,0011353831|-0,0244550000|0,0477390000|0,0122927969|0,0466036169
mar-55|-0,0024924610|0,0011691197|-0,0079580000|-0,0426860000|-0,0036615807|-0,0438551197
abr-55|0,0401082600|0,0013236544|0,0534760000|0,0656570000|0,0387846056|0,0643333456
may-55|0,0063838710|0,0011896846|-0,0063450000|-0,0189570000|0,0051941864|-0,0201466846
jun-55|0,0816740300|0,0012275120|0,1264520000|0,0343000000|0,0804465180|0,0330724880
jul-55|0,0580699400|0,0014615276|0,2520050000|-0,0352940000|0,0566084124|-0,0367555276
ago-55|-0,0006523980|0,0017407370|-0,0530650000|0,0341460000|-0,0023931350|0,0324052630
sep-55|0,0112975700|0,0017824221|0,1143690000|-0,0490570000|0,0095151479|-0,0508394221
oct-55|-0,0303158600|0,0017701638|-0,0552630000|-0,0650000000|-0,0320860238|-0,0667701638
nov-55|0,0878744800|0,0020199081|0,1030640000|0,1497330000|0,0858545719|0,1477130919
dic-55|-0,0003114623|0,0020696119|-0,0463920000|0,0837210000|-0,0023810742|0,0816513881
ene-56|-0,0351372500|0,0019701771|-0,0675680000|-0,0606060000|-0,0371074271|-0,0625761771
feb-56|0,0415969800|0,0019073631|0,0579710000|0,0737330000|0,0396896169|0,0718256369
mar-56|0,0701992100|0,0019032827|0,0304710000|0,1008580000|0,0682959273|0,0989547173
abr-56|-0,0006178335|0,0022275065|-0,0564520000|-0,0314340000|-0,0028453400|-0,0336615065
may-56|-0,0583954100|0,0021404542|-0,0370370000|-0,0709940000|-0,0605358642|-0,0731344542
jun-56|0,0391054000|0,0020027906|0,0778440000|0,0742360000|0,0371026094|0,0722332094
jul-56|0,0513747600|0,0019489720|0,0472220000|0,0471310000|0,0494257880|0,0451820280
ago-56|-0,0320516500|0,0022022943|0,0106100000|-0,0391390000|-0,0342539443|-0,0413412943
sep-56|-0,0446391900|0,0024184049|-0,0132630000|-0,0794300000|-0,0470575949|-0,0818484049
oct-56|0,0063373900|0,0023770098|-0,0161290000|0,0669640000|0,0039603802|0,0645869902
nov-56|0,0019084500|0,0025173520|-0,0382510000|-0,0041840000|-0,0006089020|-0,0067013520
dic-56|0,0324999600|0,0027044091|0,0114940000|0,0210080000|0,0297955509|0,0183035909
ene-57|-0,0405163600|0,0025967565|-0,0823860000|-0,1078840000|-0,0431131165|-0,1104807565
feb-57|-0,0246362700|0,0027205865|-0,0216720000|0,0302330000|-0,0273568565|0,0275124135
mar-57|0,0233438500|0,0024678919|-0,0032050000|0,0609480000|0,0208759581|0,0584801081
abr-57|0,0463135200|0,0025222155|0,0964630000|0,0879830000|0,0437913045|0,0854607845
may-57|0,0379126200|0,0027367610|0,0146630000|0,0532540000|0,0351758590|0,0505172390
jun-57|-0,0016680180|0,0026955103|0,0058480000|0,0337080000|-0,0043635283|0,0310124897
jul-57|0,0104894200|0,0028119347|0,0465120000|0,0182480000|0,0076774853|0,0154360653
ago-57|-0,0485870900|0,0029064202|-0,0277780000|-0,0645160000|-0,0514935102|-0,0674224202
sep-57|-0,0580445600|0,0028604011|-0,0722540000|-0,0708810000|-0,0609049611|-0,0737414011
oct-57|-0,0388671200|0,0029967762|-0,0311530000|0,0041580000|-0,0418638962|0,0011612238
nov-57|0,0223030900|0,0026048551|-0,0643090000|0,0786750000|0,0196982349|0,0760701449
dic-57|-0,0381495900|0,0022852244|-0,0662020000|-0,0479850000|-0,0404348144|-0,0502702244
ene-58|0,0461317600|0,0012192900|0,0373130000|0,0223580000|0,0449124700|0,0211387100
feb-58|-0,0138246500|0,0010472799|-0,0071940000|-0,0417490000|-0,0148719299|-0,0427962799
mar-58|0,0327180500|0,0009005264|0,0330880000|0,0020750000|0,0318175236|0,0011744736
abr-58|0,0331532000|0,0010011357|0,0676160000|-0,0104380000|0,0321520643|-0,0114391357
may-58|0,0213363900|0,0004762505|0,0500000000|0,0084390000|0,0208601395|0,0079627495
jun-58|0,0280325500|0,0006154127|0,0192930000|0,0125520000|0,0274171373|0,0119365873
jul-58|0,0441485800|0,0007494034|0,1072560000|0,0479170000|0,0433991766|0,0471675966
ago-58|0,0174322100|0,0019367360|-0,0056980000|0,0119280000|0,0154954740|0,0099912640
sep-58|0,0513363000|0,0022185611|0,1043480000|0,0451870000|0,0491177389|0,0429684389
oct-58|0,0271159300|0,0021323142|0,0236220000|0,0321970000|0,0249836158|0,0300646858
nov-58|0,0285642800|0,0023225995|0,0051280000|0,0238530000|0,0262416805|0,0215304005
dic-58|0,0542937200|0,0022315724|0,0206190000|0,1308240000|0,0520621476|0,1285924276
ene-59|0,0068571750|0,0022063613|-0,0227270000|-0,0095690000|0,0046508137|-0,0117753613
feb-59|0,0067874400|0,0022852244|-0,0361760000|0,0273750000|0,0045022156|0,0250897756
mar-59|0,0035312810|0,0023851280|-0,0243900000|0,0266460000|0,0011461530|0,0242608720
abr-59|0,0415613700|0,0023770098|0,0972220000|0,0276500000|0,0391843602|0,0252729902
may-59|0,0240413100|0,0025214050|0,0531650000|-0,0254110000|0,0215199050|-0,0279324050
jun-59|-0,0002021469|0,0026752826|-0,0024270000|-0,0092020000|-0,0028774295|-0,0118772826
jul-59|0,0345509500|0,0024930307|0,1021900000|0,0124610000|0,0320579193|0,0099679693
ago-59|-0,0100053900|0,0031707818|0,0264900000|0,0076920000|-0,0131761718|0,0045212182
sep-59|-0,0429823700|0,0033966544|-0,0477220000|-0,0305340000|-0,0463790244|-0,0339306544
oct-59|0,0122197600|0,0033267821|-0,0341690000|0,0237720000|0,0088929779|0,0204452179
nov-59|0,0181116700|0,0036852137|-0,0141510000|0,1346750000|0,0144264563|0,1309897863
dic-59|0,0307586700|0,0036267740|0,0531400000|0,0873120000|0,0271318960|0,0836852260
ene-60|-0,0710917500|0,0033058903|-0,1215600000|-0,1374530000|-0,0743976403|-0,1407588903
feb-60|0,0120684500|0,0034592531|-0,0287210000|0,0467840000|0,0086091969|0,0433247469
mar-60|-0,0120402000|0,0025262682|-0,0326090000|0,0097770000|-0,0145664682|0,0072507318
abr-60|-0,0164140700|0,0025262682|-0,0056180000|-0,0139080000|-0,0189403382|-0,0164342682
may-60|0,0326149500|0,0026380518|-0,0056500000|0,0084630000|0,0299768982|0,0058249482
jun-60|0,0221480000|0,0018281720|0,0114940000|0,0377620000|0,0203198280|0,0359338280
jul-60|-0,0213155100|0,0018322557|0,0000000000|-0,0826560000|-0,0231477657|-0,0844882557
ago-60|0,0298013400|0,0018657351|0,0369320000|-0,0280650000|0,0279356049|-0,0299307351
sep-60|-0,0581739300|0,0019285778|-0,0581720000|-0,1018240000|-0,0601025078|-0,1037525778
oct-60|-0,0009895068|0,0017619906|-0,0117650000|-0,0051110000|-0,0027514974|-0,0068729906
nov-60|0,0452671500|0,0019946383|-0,0119050000|0,0273970000|0,0432725117|0,0254023617
dic-60|0,0483191100|0,0018453223|-0,0091460000|0,0000000000|0,0464737877|-0,0018453223
ene-61|0,0648003600|0,0019285778|0,0830770000|-0,0486580000|0,0628717822|-0,0505865778
feb-61|0,0330748600|0,0021656835|0,0340910000|-0,0740740000|0,0309091765|-0,0762396835
mar-61|0,0297149600|0,0019987146|0,0250000000|-0,0019050000|0,0277162454|-0,0039037146
abr-61|0,0048091700|0,0018951215|-0,0189700000|-0,0576920000|0,0029140485|-0,0595871215
may-61|0,0235605200|0,0019530503|-0,0027620000|0,0571430000|0,0216074697|0,0551899497
jun-61|-0,0267017500|0,0018779806|-0,0084030000|-0,0115830000|-0,0285797306|-0,0134609806
jul-61|0,0346515500|0,0018371559|0,0649720000|0,0452760000|0,0328143941|0,0434388441
ago-61|0,0250433700|0,0019620218|0,0000000000|0,0677970000|0,0230813482|0,0658349782
sep-61|-0,0171936700|0,0018616529|0,0643430000|0,0652560000|-0,0190553229|0,0633943471
oct-61|0,0278757000|0,0019163391|0,0050380000|-0,0133330000|0,0259593609|-0,0152493391
nov-61|0,0459194300|0,0021233594|0,1152880000|0,0641890000|0,0437960706|0,0620656406
dic-61|0,0045359270|0,0022153079|0,0434780000|-0,0380950000|0,0023206191|-0,0403103079
ene-62|-0,0375731200|0,0022730335|0,0021930000|-0,0033220000|-0,0398461535|-0,0055950335
feb-62|0,0199899900|0,0022567765|-0,0262580000|-0,0050000000|0,0177332135|-0,0072567765
mar-62|-0,0050339730|0,0022941633|0,0158730000|0,0368510000|-0,0073281363|0,0345568367
abr-62|-0,0609177600|0,0022689695|-0,0535710000|-0,1073170000|-0,0631867295|-0,1095859695
may-62|-0,0800788400|0,0022486469|-0,0283020000|-0,0418940000|-0,0823274869|-0,0441426469
jun-62|-0,0809096900|0,0024184049|-0,0514710000|-0,0874520000|-0,0833280949|-0,0898704049
jul-62|0,0660600700|0,0023981155|0,0749350000|0,1155460000|0,0636619545|0,1131478845
ago-62|0,0216698500|0,0023437178|0,0336540000|0,0320150000|0,0193261322|0,0296712822
sep-62|-0,0482836500|0,0022852244|-0,0046950000|-0,0602190000|-0,0505688744|-0,0625042244
oct-62|0,0080131210|0,0022649054|0,0330190000|0,0606650000|0,0057482156|0,0584000946
nov-62|0,1081340000|0,0023851280|0,0433790000|0,1033210000|0,1057488720|0,1009358720
dic-62|0,0157574900|0,0024395010|0,0449440000|0,0334450000|0,0133179890|0,0310054990
ene-63|0,0506102600|0,0024435574|0,0795700000|0,0195440000|0,0481667026|0,0171004426
feb-63|-0,0242291400|0,0024184049|-0,0338650000|-0,0702880000|-0,0266475449|-0,0727064049
mar-63|0,0365460900|0,0024265193|0,0810810000|0,0326460000|0,0341195707|0,0302194807
abr-63|0,0490350300|0,0024265193|0,0519230000|0,0552760000|0,0466085107|0,0528494807
may-63|0,0194386900|0,0025011385|0,0859230000|0,0666670000|0,0169375515|0,0641658615
jun-63|-0,0185568100|0,0024930307|-0,0409560000|-0,0535710000|-0,0210498407|-0,0560640307
jul-63|-0,0017631940|0,0027246304|0,0142350000|-0,0110760000|-0,0044878244|-0,0138006304
ago-63|0,0529441300|0,0028200143|0,0666670000|0,0432000000|0,0501241157|0,0403799857
sep-63|-0,0103833700|0,0028240537|0,0016560000|-0,0199390000|-0,0132074237|-0,0227630537
oct-63|0,0344130700|0,0028943122|0,1603310000|0,0551180000|0,0315187578|0,0522236878
nov-63|-0,0039757280|0,0029144914|-0,0783480000|-0,0149250000|-0,0068902194|-0,0178394914
dic-63|0,0260036500|0,0029395074|-0,0031700000|0,0627270000|0,0230641426|0,0597874926
ene-64|0,0276249800|0,0029144914|0,0174880000|0,0086080000|0,0247104886|0,0056935086
feb-64|0,0168511700|0,0029967762|0,0081250000|-0,0256050000|0,0138543938|-0,0286017762
mar-64|0,0167440500|0,0029435416|0,0015630000|0,0254010000|0,0138005084|0,0224574584
abr-64|0,0068092750|0,0028733211|0,0546020000|-0,0558740000|0,0039359539|-0,0587473211
may-64|0,0168157500|0,0028894685|0,0387570000|-0,0166920000|0,0139262815|-0,0195814685
jun-64|0,0179847600|0,0028652463|0,0129870000|-0,0086420000|0,0151195137|-0,0115072463
jul-64|0,0192236500|0,0028773582|0,0769230000|0,0454550000|0,0163462918|0,0425776418
ago-64|-0,0118066800|0,0028692838|0,0214290000|0,0074960000|-0,0146759638|0,0046267162
sep-64|0,0302184200|0,0029556431|0,0352020000|0,0705360000|0,0272627769|0,0675803569
oct-64|0,0091606950|0,0029556431|0,0050380000|-0,0209790000|0,0062050519|-0,0239346431
nov-64|0,0008828007|0,0031579039|-0,0288220000|0,0585710000|-0,0022751032|0,0554130961
dic-64|0,0053829040|0,0031248959|0,0316210000|0,0126860000|0,0022580081|0,0095611041
ene-65|0,0350540900|0,0031949230|0,0357600000|0,0656840000|0,0318591670|0,0624890770
feb-65|0,0034388420|0,0033026758|-0,0160300000|0,0050310000|0,0001361662|0,0017283242
mar-65|-0,0129836100|0,0032689162|0,0176770000|0,0017520000|-0,0162525262|-0,0015169162
abr-65|0,0354179600|0,0032528359|0,0818860000|0,0477390000|0,0321651241|0,0444861641
may-65|-0,0030594090|0,0032198622|-0,0447250000|-0,0083930000|-0,0062792712|-0,0116128622
jun-65|-0,0470587600|0,0031659528|-0,0682090000|-0,0672310000|-0,0502247128|-0,0703969528
jul-65|0,0143491000|0,0031699770|0,0196080000|0,0469360000|0,0111791230|0,0437660230
ago-65|0,0275146700|0,0031788296|0,0243590000|0,0423410000|0,0243358404|0,0391621704
sep-65|0,0336711400|0,0033428494|0,0592690000|0,1244920000|0,0303282906|0,1211491506
oct-65|0,0291158000|0,0033717635|0,0702380000|0,0106840000|0,0257440365|0,0073122365
nov-65|-0,0039671640|0,0033717635|-0,0634040000|-0,0380550000|-0,0073389275|-0,0414267635
dic-65|0,0102450200|0,0037252193|0,0048540000|0,0430770000|0,0065198007|0,0393517807
ene-66|0,0058004720|0,0038243576|-0,0072460000|-0,0275420000|0,0019761144|-0,0313663576
feb-66|-0,0127797600|0,0038155674|-0,0233580000|-0,0501090000|-0,0165953274|-0,0539245674
mar-66|-0,0233928700|0,0037500140|-0,0565330000|0,0105500000|-0,0271428840|0,0067999860
abr-66|0,0220785700|0,0038563147|-0,0386150000|0,0490870000|0,0182222553|0,0452306853
may-66|-0,0490075000|0,0038155674|-0,0709140000|-0,0935800000|-0,0528230674|-0,0973955674
jun-66|-0,0141075100|0,0037947873|-0,0242420000|0,0254500000|-0,0179022973|0,0216552127
jul-66|-0,0124035700|0,0039505231|0,0031060000|-0,1001180000|-0,0163540931|-0,1040685231
ago-66|-0,0720517600|0,0041020105|-0,0869970000|-0,1099480000|-0,0761537705|-0,1140500105
sep-66|-0,0057242900|0,0044089971|0,0274440000|0,0076470000|-0,0101332871|0,0032380029
oct-66|0,0489807400|0,0043192348|-0,0200330000|0,1220590000|0,0446615052|0,1177397652
nov-66|0,0104619700|0,0042739229|-0,0732540000|0,0275230000|0,0061880471|0,0232490771
dic-66|0,0000407673|0,0039912102|-0,0093980000|-0,0903060000|-0,0039504429|-0,0942972102
ene-67|0,0793239100|0,0037420164|0,1404180000|-0,0070620000|0,0755818936|-0,0108040164
feb-67|0,0072274150|0,0037620090|-0,0252910000|-0,0184920000|0,0034654060|-0,0222540090
mar-67|0,0411270400|0,0033267821|0,0535410000|-0,0084060000|0,0378002579|-0,0117327821
abr-67|0,0432439400|0,0030999307|0,1344260000|0,1178200000|0,0401440093|0,1147200693
may-67|-0,0465361800|0,0028773582|-0,0797690000|-0,0935440000|-0,0494135382|-0,0964213582
jun-67|0,0192289000|0,0032737398|-0,0238100000|0,0177330000|0,0159551602|0,0144592602
jul-67|0,0462345300|0,0034335768|0,1024390000|0,2431650000|0,0428009532|0,2397314232
ago-67|-0,0063670970|0,0036347817|-0,0047200000|0,0115740000|-0,0100018787|0,0079392183
sep-67|0,0342285100|0,0036387853|0,0508980000|0,0322650000|0,0305897247|0,0286262147
oct-67|-0,0272726200|0,0037380174|-0,0598290000|-0,0546270000|-0,0310106374|-0,0583650174
nov-67|0,0067996060|0,0041020105|-0,0151520000|-0,0176890000|0,0026975955|-0,0217910105
dic-67|0,0272297800|0,0041712919|0,0250000000|-0,0717890000|0,0230584881|-0,0759602919
ene-68|-0,0422572700|0,0040446343|-0,0457320000|-0,0846350000|-0,0463019043|-0,0886796343
feb-68|-0,0265631800|0,0041593506|-0,0242810000|-0,0039830000|-0,0307225306|-0,0081423506
mar-68|0,0103444300|0,0042214284|-0,0099340000|-0,0057550000|0,0061230016|-0,0099764284
abr-68|0,0837219500|0,0045145336|0,0869570000|0,1099860000|0,0792074164|0,1054714664
may-68|0,0164879700|0,0046571711|-0,0049230000|-0,0740550000|0,0118307989|-0,0787121711
jun-68|0,0101301100|0,0043875575|0,0062700000|-0,0212770000|0,0057425525|-0,0256645575
jul-68|-0,0172802700|0,0042818740|-0,0202490000|-0,0217390000|-0,0215621440|-0,0260208740
ago-68|0,0165429000|0,0042898244|0,0076310000|-0,0029630000|0,0122530756|-0,0072528244
sep-68|0,0397153500|0,0042007405|0,0590110000|0,0211000000|0,0355146095|0,0168992595
oct-68|0,0092886060|0,0045066028|0,0572290000|0,1143690000|0,0047820032|0,1098623972
nov-68|0,0532510300|0,0045105683|-0,0427350000|0,0486840000|0,0487404617|0,0441734317
dic-68|-0,0408791400|0,0051578054|-0,0409090000|-0,0511920000|-0,0460369454|-0,0563498054
ene-69|-0,0071862580|0,0051121199|-0,0031600000|-0,0119840000|-0,0122983779|-0,0170961199
feb-69|-0,0424058000|0,0051609553|-0,0050710000|-0,0603770000|-0,0475667553|-0,0655379553
mar-69|0,0351022700|0,0049457261|0,0547500000|0,0664740000|0,0301565439|0,0615282739
abr-69|0,0229874300|0,0048485888|-0,0030530000|0,0596210000|0,0181388412|0,0547724112
may-69|0,0035418480|0,0050191029|0,0241960000|-0,0358060000|-0,0014772549|-0,0408251029
jun-69|-0,0544579000|0,0051814269|-0,0415380000|-0,0381960000|-0,0596393269|-0,0433774269
jul-69|-0,0588622300|0,0056995609|-0,0706260000|-0,0430560000|-0,0645617909|-0,0487555609
ago-69|0,0457628400|0,0057191295|0,0134720000|-0,0275760000|0,0400437105|-0,0332951295
sep-69|-0,0240051500|0,0057120853|0,0120690000|0,0226870000|-0,0297172353|0,0169749147
oct-69|0,0466247600|0,0056917322|0,0221470000|-0,0102940000|0,0409330278|-0,0159857322
nov-69|-0,0289444400|0,0060386798|-0,0333330000|-0,0475480000|-0,0349831198|-0,0535866798
dic-69|-0,0170065200|0,0065690535|-0,0264080000|-0,0246490000|-0,0235755735|-0,0312180535
ene-70|-0,0753756200|0,0064472308|-0,0741410000|-0,0661290000|-0,0818228508|-0,0725762308
feb-70|0,0591083200|0,0055993036|0,0972660000|-0,0259070000|0,0535090164|-0,0315063036
mar-70|0,0031387490|0,0051853632|0,0720720000|0,0553190000|-0,0020466142|0,0501336368
abr-70|-0,0886013900|0,0056392630|-0,0672270000|-0,0338980000|-0,0942406530|-0,0395372630
may-70|-0,0544536800|0,0057066061|-0,0526130000|-0,0684210000|-0,0601602861|-0,0741276061
jun-70|-0,0482537200|0,0051940225|-0,0423890000|0,0267420000|-0,0534477425|0,0215479775
jul-70|0,0754953900|0,0051168470|0,0945670000|0,1388890000|0,0703785430|0,1337721530
ago-70|0,0504538200|0,0051081804|0,0970590000|0,0211380000|0,0453456396|0,0160298196
sep-70|0,0349671000|0,0048082821|-0,0220340000|0,0831210000|0,0301588179|0,0783127179
oct-70|-0,0085470940|0,0048153963|-0,0242630000|0,0192590000|-0,0133624903|0,0144436037
nov-70|0,0533294100|0,0040486199|0,1008880000|0,0276160000|0,0492807901|0,0235673801
dic-70|0,0580809300|0,0040039710|0,0505710000|0,0695900000|0,0540769590|0,0655860290
ene-71|0,0416989800|0,0034295642|0,0201860000|0,0572570000|0,0382694158|0,0538274358
feb-71|0,0138122400|0,0028151666|-0,0140030000|0,0894210000|0,0109970734|0,0866058334
mar-71|0,0385506100|0,0028321322|0,0234010000|0,0418500000|0,0357184778|0,0390178678
abr-71|0,0371528400|0,0032488153|0,0838410000|0,0970980000|0,0339040247|0,0938491847
may-71|-0,0368686700|0,0035771109|-0,0579470000|-0,0244150000|-0,0404457809|-0,0279921109
jun-71|0,0019736210|0,0043025435|-0,0452490000|0,0193950000|-0,0023289225|0,0150924565
jul-71|-0,0403902100|0,0043597579|-0,0300160000|-0,1213990000|-0,0447499679|-0,1257587579
ago-71|0,0412681100|0,0036644039|0,0925080000|0,1615920000|0,0376037061|0,1579275961
sep-71|-0,0052399950|0,0037787993|-0,0030120000|-0,0024190000|-0,0090187943|-0,0061977993
oct-71|-0,0400122100|0,0035482619|-0,0589120000|-0,0528460000|-0,0435604719|-0,0563942619
nov-71|0,0023413820|0,0035242140|0,0125200000|0,0257510000|-0,0011828320|0,0222267860
dic-71|0,0874105600|0,0030548150|0,0320510000|0,0539750000|0,0843557450|0,0509201850
ene-72|0,0192932100|0,0027408042|0,0062110000|-0,0099800000|0,0165524058|-0,0127208042
feb-72|0,0302233200|0,0027577835|-0,0126540000|-0,0221770000|0,0274655365|-0,0249347835
mar-72|0,0068854190|0,0031208697|0,0647710000|0,0717530000|0,0037645493|0,0686321303
abr-72|0,0054914100|0,0029564498|-0,0459940000|0,0464220000|0,0025349602|0,0434655502
may-72|0,0226597600|0,0031458292|-0,0423020000|0,0166360000|0,0195139308|0,0134901708
jun-72|-0,0203471700|0,0033348161|-0,0131800000|-0,0385450000|-0,0236819861|-0,0418798161
jul-72|0,0035877370|0,0031208697|-0,0050080000|-0,0418250000|0,0004668673|-0,0449458697
ago-72|0,0390739700|0,0037580108|0,0684560000|0,0555560000|0,0353159592|0,0517979892
sep-72|-0,0033405020|0,0037700048|-0,0015870000|0,0033830000|-0,0071105068|-0,0003870048
oct-72|0,0107380200|0,0038850666|-0,0492850000|-0,0376650000|0,0068529534|-0,0415500666
nov-72|0,0504737400|0,0040326764|0,1073580000|0,0681020000|0,0464410636|0,0640693236
dic-72|0,0136749500|0,0042047193|0,0000000000|0,0736650000|0,0094702307|0,0694602807
ene-73|-0,0167269600|0,0046856719|-0,0477660000|-0,0394510000|-0,0214126319|-0,0441366719
feb-73|-0,0336220400|0,0048240908|-0,0375400000|-0,0396430000|-0,0384461308|-0,0444670908
mar-73|-0,0005782457|0,0052624809|-0,0170070000|-0,0355140000|-0,0058407266|-0,0407764809
abr-73|-0,0396900300|0,0051168470|-0,0121110000|-0,0813950000|-0,0448068770|-0,0865118470
may-73|-0,0139404400|0,0056909493|-0,0444830000|0,0042190000|-0,0196313893|-0,0014719493
jun-73|-0,0050837630|0,0061423521|-0,0074630000|-0,0298320000|-0,0112261151|-0,0359743521
jul-73|0,0394189600|0,0068106667|0,0169170000|0,0936820000|0,0326082933|0,0868713333
ago-73|-0,0315370300|0,0070724677|-0,0354900000|-0,0577690000|-0,0386094977|-0,0648414677
sep-73|0,0415788400|0,0057308687|0,0407770000|0,0723040000|0,0358479713|0,0665731313
oct-73|0,0002761459|0,0060386798|-0,0690300000|0,0376980000|-0,0057625339|0,0316593202
nov-73|-0,1078789000|0,0059887504|-0,1807620000|-0,0282980000|-0,1138676504|-0,0342867504
dic-73|0,0183799600|0,0061205361|-0,0538460000|-0,0019800000|0,0122594239|-0,0081005361
ene-74|-0,0083498320|0,0061423521|0,1219510000|-0,0496030000|-0,0144921841|-0,0557453521
feb-74|0,0019851430|0,0061181984|-0,0077290000|-0,0475990000|-0,0041330554|-0,0537171984
mar-74|-0,0218193800|0,0067804999|-0,0148510000|-0,0419430000|-0,0285998799|-0,0487234999
abr-74|-0,0374496700|0,0072742920|-0,0326630000|-0,0599080000|-0,0447239620|-0,0671822920
may-74|-0,0270851600|0,0066163422|0,0566230000|-0,0539220000|-0,0337015022|-0,0605383422
jun-74|-0,0128178300|0,0060215196|-0,0275000000|0,0290160000|-0,0188393496|0,0229944804
jul-74|-0,0760799700|0,0062879184|-0,1542420000|-0,1269040000|-0,0823678884|-0,1331919184
ago-74|-0,0821851700|0,0072889108|-0,0036470000|-0,1191860000|-0,0894740808|-0,1264749108
sep-74|-0,1173824000|0,0052396671|-0,1121490000|-0,1643560000|-0,1226220671|-0,1695956671
oct-74|0,1675748000|0,0063920857|-0,0561400000|0,2240000000|0,1611827143|0,2176079143
nov-74|-0,0454554500|0,0061259906|-0,0676580000|-0,0294120000|-0,0515814406|-0,0355379906
dic-74|-0,0180022800|0,0057973624|0,0081970000|-0,0902360000|-0,0237996424|-0,0960333624
ene-75|0,1244950000|0,0046769642|0,2520320000|0,1573030000|0,1198180358|0,1526260358
feb-75|0,0679331700|0,0044486868|0,0285710000|0,1527510000|0,0634844832|0,1483023132
mar-75|0,0236377800|0,0045803330|0,0544870000|0,0424930000|0,0190574470|0,0379126670
abr-75|0,0492359300|0,0045311862|0,0455930000|0,0000000000|0,0447047438|-0,0045311862
may-75|0,0510234800|0,0042858493|0,0372090000|-0,0135870000|0,0467376307|-0,0178728493
jun-75|0,0467336200|0,0049307279|0,1079550000|0,1685950000|0,0418028921|0,1636642721
jul-75|-0,0658217300|0,0051404791|0,0538460000|-0,1021380000|-0,0709622091|-0,1072784791
ago-75|-0,0152238200|0,0052380935|-0,0296840000|-0,0211640000|-0,0204619135|-0,0264020935
sep-75|-0,0322659200|0,0054173065|0,0152280000|-0,0400000000|-0,0376832265|-0,0454173065
oct-75|0,0650737700|0,0046452931|0,1075000000|0,0937500000|0,0604284769|0,0891047069
nov-75|0,0301572800|0,0045708228|0,0379230000|0,0025970000|0,0255864572|-0,0019738228
dic-75|-0,0096822950|0,0043025435|0,0131870000|-0,0357510000|-0,0139848385|-0,0400535435
ene-76|0,1196829000|0,0039098178|0,1041210000|0,2140920000|0,1157730822|0,2101821822
feb-76|-0,0063119010|0,0041386486|0,0447940000|-0,0468750000|-0,0104505496|-0,0510136486
mar-76|0,0331205300|0,0041147558|0,0645160000|-0,0088990000|0,0290057742|-0,0130137558
abr-76|-0,0095833460|0,0040645607|0,0124780000|0,0238100000|-0,0136479067|0,0197454393
may-76|-0,0075973180|0,0045383220|-0,0179580000|-0,0534880000|-0,0121356400|-0,0580263220
jun-76|0,0433378100|0,0044415439|-0,0018210000|0,1307120000|0,0388962661|0,1262704561
jul-76|-0,0071039690|0,0042858493|-0,0036500000|-0,0459520000|-0,0113898183|-0,0502378493
ago-76|0,0017027490|0,0042293841|0,0069600000|-0,0275230000|-0,0025266351|-0,0317523841
sep-76|0,0243813500|0,0041959657|0,0810310000|0,0297170000|0,0201853843|0,0255210343
oct-76|-0,0201793100|0,0040565906|0,0068140000|-0,0138570000|-0,0242359006|-0,0179135906
nov-76|-0,0005099331|0,0036724082|0,0067680000|-0,0515220000|-0,0041823413|-0,0551944082
dic-76|0,0540898700|0,0035979407|0,0998250000|0,1076540000|0,0504919293|0,1040560593
ene-77|-0,0491484200|0,0039593003|-0,0493630000|-0,0494380000|-0,0531077203|-0,0533973003
feb-77|-0,0153218900|0,0039098178|-0,0405360000|-0,0449170000|-0,0192317078|-0,0488268178
mar-77|-0,0124385400|0,0037620090|-0,0565370000|-0,0183170000|-0,0162005490|-0,0220790090
abr-77|0,0013377220|0,0038850666|0,0243450000|0,0966920000|-0,0025473446|0,0928069334
may-77|-0,0150270700|0,0041641273|0,0014630000|0,0069610000|-0,0191911973|0,0027968727
jun-77|0,0475397800|0,0041306850|0,0412760000|0,0516130000|0,0434090950|0,0474823150
jul-77|-0,0152719100|0,0044653513|-0,0180180000|-0,0376110000|-0,0197372613|-0,0420763513
ago-77|-0,0126977800|0,0046041043|0,0069720000|-0,0183910000|-0,0173018843|-0,0229951043
sep-77|-0,0001836255|0,0048722904|0,0424350000|-0,0295080000|-0,0050559159|-0,0343802904
oct-77|-0,0416852700|0,0050687763|-0,0477880000|-0,0219510000|-0,0467540463|-0,0270197763
nov-77|0,0365457300|0,0050191029|0,0000000000|0,0109730000|0,0315266271|0,0059538971
dic-77|0,0053516710|0,0050593168|-0,0175780000|-0,0049880000|0,0002923542|-0,0100473168
ene-78|-0,0601506400|0,0053112360|-0,0735590000|-0,0827070000|-0,0654618760|-0,0880182360
feb-78|-0,0159754500|0,0052955114|0,0193130000|-0,0218580000|-0,0212709614|-0,0271535114
mar-78|0,0271041200|0,0053426771|0,0535330000|0,0541900000|0,0217614429|0,0488473229
abr-78|0,0879428100|0,0051562304|0,0650410000|0,1206430000|0,0827865796|0,1154867696
may-78|0,0136794500|0,0054816745|-0,0458020000|0,0119620000|0,0081977755|0,0064803255
jun-78|-0,0160938900|0,0057793747|-0,0266390000|-0,0326240000|-0,0218732647|-0,0384033747
jul-78|0,0567734500|0,0056682423|0,0505260000|0,0618810000|0,0511052077|0,0562127577
ago-78|0,0336314100|0,0061992050|0,0140280000|0,0116550000|0,0274322050|0,0054557950
sep-78|-0,0046810280|0,0065519926|0,0140560000|-0,0133640000|-0,0112330206|-0,0199159926
oct-78|-0,0888905600|0,0071626503|-0,0732670000|-0,1016550000|-0,0960532103|-0,1088176503
nov-78|0,0260205900|0,0073765748|-0,0128210000|0,0057890000|0,0186440152|-0,0015875748
dic-78|0,0166698800|0,0075746629|-0,0271490000|0,0000000000|0,0090952171|-0,0075746629
ene-79|0,0427501500|0,0076007356|0,0488370000|0,0238730000|0,0351494144|0,0162722644
feb-79|-0,0281623800|0,0077279253|-0,0310420000|-0,0331610000|-0,0358903053|-0,0408889253
mar-79|0,0574043600|0,0077179710|0,0606060000|0,0434780000|0,0496863890|0,0357600290
abr-79|0,0042068000|0,0077700276|0,0263740000|0,0234380000|-0,0035632276|0,0156679724
may-79|-0,0164225000|0,0078304679|0,0175590000|0,0142490000|-0,0242529679|0,0064185321
jun-79|0,0407323200|0,0073281393|0,0281390000|0,0178120000|0,0334041807|0,0104838607
jul-79|0,0118018000|0,0075140535|-0,0252630000|0,0350000000|0,0042877465|0,0274859465
ago-79|0,0618654100|0,0080115500|0,0544280000|0,0289860000|0,0538538600|0,0209744500
sep-79|0,0022720980|0,0082653788|0,0438410000|-0,0338030000|-0,0059932808|-0,0420683788
oct-79|-0,0653731400|0,0098269189|-0,1160000000|-0,0467980000|-0,0752000589|-0,0566249189
nov-79|0,0524439300|0,0093068446|-0,0565610000|-0,0320410000|0,0431370854|-0,0413478446
dic-79|0,0180002700|0,0096786267|-0,0123460000|0,0975610000|0,0083216433|0,0878823733
ene-80|0,0609925100|0,0097393207|0,0975000000|0,0864200000|0,0512531893|0,0766806793
feb-80|0,0026249280|0,0112791419|-0,0564920000|-0,0736360000|-0,0086542139|-0,0849151419
mar-80|-0,0982391100|0,0120062395|-0,0888890000|-0,0422890000|-0,1102453495|-0,0542952395
abr-80|0,0429338500|0,0084577588|-0,0135500000|-0,0129870000|0,0344760912|-0,0214447588
may-80|0,0564048800|0,0063594491|-0,0032970000|0,0578950000|0,0500454309|0,0515355509
jun-80|0,0296303500|0,0065062226|0,0391060000|0,0404040000|0,0231241274|0,0338977774
jul-80|0,0673860200|0,0070570430|0,1263440000|0,0922330000|0,0603289770|0,0851759570
ago-80|0,0133848100|0,0081160632|0,0329360000|-0,0311110000|0,0052687468|-0,0392270632
sep-80|0,0280815400|0,0092963076|-0,0140190000|-0,0206420000|0,0187852324|-0,0299383076
oct-80|0,0188272700|0,0101809514|-0,0687200000|0,0285040000|0,0086463186|0,0183230486
nov-80|0,1088980000|0,0116496455|-0,0844780000|0,1431870000|0,0972483545|0,1315373545
dic-80|-0,0310188800|0,0115152899|0,0140850000|0,0020200000|-0,0425341699|-0,0094952899
ene-81|-0,0434663000|0,0117347092|0,0222220000|0,0000000000|-0,0552010092|-0,0117347092
feb-81|0,0211585900|0,0114564936|0,1027170000|0,0897960000|0,0097020964|0,0783395064
mar-81|0,0371508700|0,0100869746|0,0548630000|0,0149810000|0,0270638954|0,0048940254
abr-81|-0,0205243200|0,0119455624|0,0212770000|-0,0205220000|-0,0324698824|-0,0324675624
may-81|0,0061373430|0,0121274739|0,0412040000|0,0019050000|-0,0059901309|-0,0102224739
jun-81|-0,0084205280|0,0115020640|-0,0471910000|-0,0467680000|-0,0199225920|-0,0582700640
jul-81|0,0007971805|0,0119579935|-0,0306600000|-0,0141410000|-0,0111608130|-0,0260989935
ago-81|-0,0552910800|0,0124756808|-0,0856450000|-0,0840160000|-0,0677667608|-0,0964916808
sep-81|-0,0506710500|0,0116467108|-0,0377360000|-0,0035790000|-0,0623177608|-0,0152257108
oct-81|0,0530677200|0,0103157817|-0,1820730000|-0,0113900000|0,0427519383|-0,0217057817
nov-81|0,0439258700|0,0084205310|0,0301370000|0,1129030000|0,0355053390|0,1044824690
dic-81|-0,0272507700|0,0090007797|0,0405410000|-0,0364390000|-0,0362515497|-0,0454397797
ene-82|-0,0153751600|0,0101056285|-0,0129870000|0,0893250000|-0,0254807885|0,0792193715
feb-82|-0,0509480100|0,0096748789|-0,0105260000|0,0060000000|-0,0606228889|-0,0036748789
mar-82|-0,0059192610|0,0106545899|0,1081080000|0,0206760000|-0,0165738509|0,0100214101
abr-82|0,0420049700|0,0099488183|0,0182930000|0,0118340000|0,0320561517|0,0018851817
may-82|-0,0290688000|0,0093301722|0,0413170000|-0,0350880000|-0,0383989722|-0,0444181722
jun-82|-0,0164485800|0,0103269466|0,0408160000|0,0420200000|-0,0267755266|0,0316930534
jul-82|-0,0200675100|0,0082973433|-0,0420170000|0,0333990000|-0,0283648533|0,0251016567
ago-82|0,1266649000|0,0068910629|0,1456140000|0,1444870000|0,1197738371|0,1375959371
sep-82|0,0104985600|0,0062638031|-0,0361760000|0,0046510000|0,0042347569|-0,0016128031
oct-82|0,1135540000|0,0064798362|0,2171580000|0,1488290000|0,1070741638|0,1423491638
nov-82|0,0454684000|0,0067866888|0,0656390000|0,0870450000|0,0386817112|0,0802583112
dic-82|0,0169372300|0,0064961346|0,0417540000|0,0256760000|0,0104410954|0,0191798654
ene-83|0,0350563700|0,0066349409|0,0140280000|0,0909090000|0,0284214291|0,0842740591
feb-83|0,0256444200|0,0065147577|-0,0181820000|0,0483090000|0,0191296623|0,0417942423
mar-83|0,0362303000|0,0070809502|-0,0345530000|-0,0244240000|0,0291493498|-0,0315049502
abr-83|0,0757648000|0,0066318413|0,1536840000|0,0654760000|0,0691329587|0,0588441587
may-83|-0,0056413280|0,0070986838|-0,0332120000|-0,0759780000|-0,0127400118|-0,0830766838
jun-83|0,0374626000|0,0071926915|0,1085710000|0,0732770000|0,0302699085|0,0660843085
jul-83|-0,0310879900|0,0075508842|0,0120270000|-0,0931820000|-0,0386388742|-0,1007328842
ago-83|0,0159435200|0,0075769637|-0,0376910000|0,0250630000|0,0083665563|0,0174860363
sep-83|0,0140749100|0,0071364526|0,0480430000|0,0410760000|0,0069384574|0,0339395474
oct-83|-0,0134424800|0,0069636680|0,0526320000|-0,0189570000|-0,0204061480|-0,0259206680
nov-83|0,0237668900|0,0072819864|-0,0483870000|0,1135270000|0,0164849036|0,1062450136
dic-83|-0,0057975670|0,0073435184|0,0223370000|0,0262580000|-0,0131410854|0,0189144816
ene-84|-0,0061616730|0,0072904495|-0,0252100000|-0,0724950000|-0,0134521225|-0,0797854495
feb-84|-0,0332265600|0,0074894914|-0,0327590000|-0,0436780000|-0,0407160514|-0,0511674914
mar-84|0,0172644600|0,0079481738|-0,0596750000|0,0649040000|0,0093162862|0,0569558262
abr-84|0,0065006250|0,0079443545|0,0288460000|0,0113900000|-0,0014437295|0,0034456455
may-84|-0,0526962100|0,0079733768|-0,0504670000|-0,0427930000|-0,0606695868|-0,0507663768
jun-84|0,0224843500|0,0081069135|0,0502010000|-0,0023530000|0,0143774365|-0,0104599135
jul-84|-0,0146504900|0,0084904157|0,0573610000|0,0000000000|-0,0231409057|-0,0084904157
ago-84|0,1130646000|0,0086611055|0,0813740000|0,0785710000|0,1044034945|0,0699098945
sep-84|0,0003536132|0,0082973433|0,0493200000|-0,0066230000|-0,0079437301|-0,0149203433
oct-84|0,0029270060|0,0073773434|0,0388980000|0,0313900000|-0,0044503374|0,0240126566
nov-84|-0,0099581500|0,0069281450|-0,0307730000|-0,0273910000|-0,0168862950|-0,0343191450
dic-84|0,0255543300|0,0064581006|0,0502510000|0,0225730000|0,0190962294|0,0161148994
ene-85|0,0768792100|0,0066171172|0,0606060000|0,1280350000|0,0702620928|0,1214178828
feb-85|0,0140455600|0,0069775645|-0,0285710000|0,0046970000|0,0070679955|-0,0022805645
mar-85|-0,0000804604|0,0067123947|-0,0817610000|-0,0707270000|-0,0067928551|-0,0774393947
abr-85|-0,0035028090|0,0064495602|-0,0736300000|0,0000000000|-0,0099523692|-0,0064495602
may-85|0,0623627200|0,0058763097|0,0776340000|0,0346720000|0,0564864103|0,0287956903
jun-85|0,0160750900|0,0056337794|0,0052360000|0,0206190000|0,0104413106|0,0149852206
jul-85|-0,0028522180|0,0059903111|-0,0173610000|0,0363640000|-0,0088425291|0,0303736889
ago-85|-0,0063542100|0,0058849038|-0,0300350000|-0,0487330000|-0,0122391138|-0,0546179038
sep-85|-0,0327717300|0,0058380170|-0,0055660000|-0,0483610000|-0,0386097470|-0,0541990170
oct-85|0,0448612500|0,0059255195|-0,0037310000|0,0021740000|0,0389357305|-0,0037515195
nov-85|0,0713032300|0,0059005273|0,0692880000|0,1388290000|0,0654027027|0,1329284727
dic-85|0,0476405200|0,0058130009|0,0308380000|0,1174090000|0,0418275191|0,1115959991
ene-86|0,0045801890|0,0057473011|0,0515100000|-0,0257730000|-0,0011671121|-0,0315203011
feb-86|0,0765833500|0,0057871959|0,0675680000|0,1016580000|0,0707961541|0,0958708041
mar-86|0,0559136200|0,0052396671|0,1093250000|0,0129030000|0,0506739529|0,0076633329
abr-86|-0,0128515300|0,0050435487|-0,0724640000|-0,0047770000|-0,0178950787|-0,0098205487
may-86|0,0550327000|0,0052050423|0,0125000000|0,0208000000|0,0498276577|0,0155949577
jun-86|0,0162313800|0,0049473048|-0,0266460000|0,0229470000|0,0112840752|0,0179996952
jul-86|-0,0572873300|0,0047916800|-0,1223830000|-0,0987650000|-0,0620790100|-0,1035566800
ago-86|0,0751108000|0,0042778985|0,0752290000|0,0770550000|0,0708329015|0,0727771015
sep-86|-0,0823570700|0,0043112869|-0,0590280000|-0,0784740000|-0,0866683569|-0,0827852869
oct-86|0,0559300200|0,0043104921|0,0498150000|0,0608700000|0,0516195279|0,0565595079
nov-86|0,0251141500|0,0044653513|0,0421790000|0,0885250000|0,0206487987|0,0840596487
dic-86|-0,0269883000|0,0046943787|-0,0943400000|0,0437350000|-0,0316826787|0,0390406213
ene-87|0,1347552000|0,0046365817|0,1401520000|0,1656980000|0,1301186183|0,1610614183
feb-87|0,0412736000|0,0045137406|0,0083060000|0,0311720000|0,0367598594|0,0266582594
mar-87|0,0274077100|0,0046452931|0,0469010000|0,0206050000|0,0227624169|0,0159597069
abr-87|-0,0087982310|0,0045716154|0,1520000000|-0,0131110000|-0,0133698464|-0,0176826154
may-87|0,0099044000|0,0047015018|-0,0388890000|0,0048310000|0,0052028982|0,0001294982
jun-87|0,0501698100|0,0047434378|-0,0307920000|0,0520190000|0,0454263722|0,0472755622
jul-87|0,0498365300|0,0050183142|0,0756430000|0,0896550000|0,0448182158|0,0846366858
ago-87|0,0383529600|0,0051010889|0,0492260000|0,0548520000|0,0332518711|0,0497509111
sep-87|-0,0219479100|0,0054573456|-0,0978260000|-0,0107200000|-0,0274052556|-0,0161773456
oct-87|-0,2150765000|0,0043669072|-0,2951810000|-0,2296750000|-0,2194434072|-0,2340419072
nov-87|-0,0815598700|0,0045073959|-0,0149570000|-0,1055410000|-0,0860672659|-0,1100483959
dic-87|0,0738867900|0,0047015018|0,0886920000|0,0495580000|0,0691852882|0,0448564982
ene-88|0,0424480400|0,0046690475|0,0712830000|0,0226630000|0,0377789925|0,0179939525
feb-88|0,0468547100|0,0046516282|0,1178710000|0,0083100000|0,0422030818|0,0036583718
mar-88|-0,0299955300|0,0047260328|-0,0121110000|-0,1049450000|-0,0347215628|-0,1096710328
abr-88|0,0107371500|0,0049457261|0,0507880000|0,0000000000|0,0057914239|-0,0049457261
may-88|0,0076525450|0,0053929604|0,0183330000|0,0402480000|0,0022595846|0,0348550396
jun-88|0,0466343300|0,0054165212|0,0665560000|0,0529760000|0,0412178088|0,0475594788
jul-88|-0,0039636010|0,0057308687|0,0000000000|-0,0256410000|-0,0096944697|-0,0313718687
ago-88|-0,0328939000|0,0060144987|-0,0748830000|-0,0555560000|-0,0389083987|-0,0615704987
sep-88|0,0424315300|0,0059731419|0,0291600000|0,0829720000|0,0364583881|0,0769988581
oct-88|0,0272519500|0,0060597355|0,1116670000|0,0057640000|0,0211922145|-0,0002957355
nov-88|-0,0141594100|0,0064371363|0,0254870000|0,0315190000|-0,0205965463|0,0250818637
dic-88|0,0183756000|0,0066558599|-0,0089020000|0,0035560000|0,0117197401|-0,0030998599
ene-89|0,0719234300|0,0068910629|0,0943110000|0,0810060000|0,0650323671|0,0741149371
feb-89|-0,0249920000|0,0071464702|-0,0492480000|-0,0542640000|-0,0321384702|-0,0614104702
mar-89|0,0230053000|0,0072958347|-0,0278180000|-0,0183610000|0,0157094653|-0,0256568347
abr-89|0,0516761100|0,0069041978|0,0000000000|0,0983150000|0,0447719122|0,0914108022
may-89|0,0410476500|0,0070662981|-0,0090360000|0,1176470000|0,0339813519|0,1105807019
jun-89|-0,0056242910|0,0065682781|0,0340560000|-0,0474140000|-0,0121925691|-0,0539822781
jul-89|0,0901572300|0,0064130603|0,0748500000|0,1331720000|0,0837441697|0,1267589397
ago-89|0,0198735600|0,0064883738|0,1086350000|-0,0149570000|0,0133851862|-0,0214453738
sep-89|-0,0040271550|0,0065038947|-0,0484690000|-0,0124080000|-0,0105310497|-0,0189118947
oct-89|-0,0236334600|0,0063936396|-0,0482570000|-0,0199120000|-0,0300270996|-0,0263056396
nov-89|0,0204787300|0,0062474633|0,0056340000|0,1196390000|0,0142312667|0,1133915367
dic-89|0,0226568000|0,0062186671|-0,0370370000|0,0479030000|0,0164381329|0,0416843329
ene-90|-0,0676765000|0,0063687750|-0,0147930000|-0,0348840000|-0,0740452750|-0,0412527750
feb-90|0,0133814500|0,0063928627|0,0960960000|-0,0004820000|0,0069885873|-0,0068748627
mar-90|0,0265884200|0,0064153905|0,0222840000|0,0404860000|0,0201730295|0,0340706095
abr-90|-0,0245042200|0,0064052925|-0,0354220000|-0,0038910000|-0,0309095125|-0,0102962925
may-90|0,0974024000|0,0063757689|0,1158190000|0,0835160000|0,0910266311|0,0771402311
jun-90|-0,0067544460|0,0063672207|-0,0205660000|0,0054450000|-0,0131216667|-0,0009222207
jul-90|-0,0044692280|0,0061680571|-0,0209970000|0,0342960000|-0,0106372851|0,0281279429
ago-90|-0,0908012800|0,0060854638|-0,1313670000|-0,1343810000|-0,0968867438|-0,1404664638
sep-90|-0,0489590200|0,0058841225|-0,0880500000|-0,1133870000|-0,0548431425|-0,1192711225
oct-90|-0,0036148100|0,0058614634|0,0137930000|-0,0458720000|-0,0094762734|-0,0517334634
nov-90|0,0645604700|0,0057871959|0,0136050000|0,0528850000|0,0587732741|0,0470978041
dic-90|0,0279865600|0,0053167390|-0,0582190000|0,0572600000|0,0226698210|0,0519432610
ene-91|0,0449834900|0,0051160592|0,0545450000|0,1154680000|0,0398674308|0,1103519408
feb-91|0,0715531600|0,0049946505|0,1006900000|0,0704690000|0,0665585095|0,0654743495
mar-91|0,0243486700|0,0047505571|-0,0443040000|0,0238970000|0,0195981129|0,0191464429
abr-91|0,0022522210|0,0045636895|-0,0529800000|0,0161580000|-0,0023114685|0,0115943105
may-91|0,0429199600|0,0045795405|0,2174830000|0,0990810000|0,0383404195|0,0945014595
jun-91|-0,0453570900|0,0045874651|-0,0550720000|-0,0420710000|-0,0499445551|-0,0466584651
jul-91|0,0465103100|0,0045803330|-0,0245400000|-0,0101350000|0,0419299770|-0,0147153330
ago-91|0,0238853300|0,0044161425|-0,0339620000|0,0221840000|0,0194691875|0,0177678575
sep-91|-0,0168609200|0,0042357481|-0,0164470000|-0,0666440000|-0,0210966681|-0,0708797481
oct-91|0,0134431000|0,0039999834|-0,0602010000|-0,0054050000|0,0094431166|-0,0094049834
nov-91|-0,0402238300|0,0036139603|-0,1131670000|-0,0615940000|-0,0438377903|-0,0652079603
dic-91|0,1140893000|0,0032118181|-0,0609760000|0,1899610000|0,1108774819|0,1867491819
ene-92|-0,0183624200|0,0031949230|0,1212120000|-0,0163400000|-0,0215573430|-0,0195349230
feb-92|0,0128517000|0,0032689162|0,1706560000|0,0448500000|0,0095827838|0,0415810838
mar-92|-0,0194705900|0,0033685513|-0,0233330000|-0,0295710000|-0,0228391413|-0,0329395513
abr-92|0,0285996100|0,0030797925|0,1331060000|0,0115510000|0,0255198175|0,0084712075
may-92|0,0048400130|0,0030797925|-0,0391570000|-0,0032630000|0,0017602205|-0,0063427925
jun-92|-0,0150297100|0,0029725825|0,1134800000|0,0252050000|-0,0180022925|0,0222324175
jul-92|0,0409095100|0,0026501940|-0,0539770000|-0,0160770000|0,0382593160|-0,0187271940
ago-92|-0,0206107100|0,0026331945|-0,1585590000|-0,0326800000|-0,0232439045|-0,0353131945
sep-92|0,0113391000|0,0022445818|-0,0722020000|0,0654050000|0,0090945182|0,0631604182
oct-92|0,0047957200|0,0024678919|-0,0428020000|-0,0191690000|0,0023278281|-0,0216368919
nov-92|0,0337798000|0,0027238216|0,0552850000|0,0846910000|0,0310559784|0,0819671784
dic-92|0,0133284400|0,0025675955|0,0000000000|0,0345950000|0,0107608445|0,0320274045
ene-93|0,0072820090|0,0024184049|0,1705430000|0,0073100000|0,0048636041|0,0048915951
feb-93|0,0135134700|0,0024597811|-0,0079470000|-0,0232220000|0,0110536889|-0,0256817811
mar-93|0,0211990700|0,0024102897|0,0100670000|0,0669240000|0,0187887803|0,0645137103
abr-93|-0,0245320800|0,0024265193|0,0863790000|0,0168300000|-0,0269585993|0,0144034807
may-93|0,0262608900|0,0025505807|-0,0134560000|0,0234480000|0,0237103093|0,0208974193
jun-93|0,0034660270|0,0025262682|0,1090340000|0,0391370000|0,0009397588|0,0366107318
jul-93|-0,0046334850|0,0025262682|0,0898880000|0,0287210000|-0,0071597532|0,0261947318
ago-93|0,0374422100|0,0025092457|-0,0293810000|-0,0025380000|0,0349329643|-0,0050472457
sep-93|-0,0076545580|0,0024346331|-0,1093330000|-0,0177610000|-0,0100891911|-0,0201956331
oct-93|0,0198508500|0,0025262682|0,1407190000|0,0117340000|0,0173245818|0,0092077318
nov-93|-0,0087120250|0,0026170016|0,1118110000|0,0141750000|-0,0113290266|0,0115579984
dic-93|0,0126445400|0,0025092457|0,0402840000|0,0733930000|0,0101352943|0,0708837543
ene-94|0,0333860200|0,0024678919|0,1161730000|0,0274140000|0,0309181281|0,0249461081
feb-94|-0,0270575600|0,0027981979|-0,0457140000|-0,0220420000|-0,0298557579|-0,0248401979
mar-94|-0,0434535300|0,0028983484|-0,0751070000|-0,0441760000|-0,0463518784|-0,0470743484
abr-94|0,0125750300|0,0032198622|0,0533640000|-0,0475000000|0,0093551678|-0,0507198622
may-94|0,0163234400|0,0035001598|-0,0493390000|0,0446190000|0,0128232802|0,0411188402
jun-94|-0,0247676400|0,0034504277|-0,0651160000|-0,0555780000|-0,0282180677|-0,0590284277
jul-94|0,0327017900|0,0035482619|0,0223880000|0,0804290000|0,0291535281|0,0768807381
ago-94|0,0413396500|0,0037867937|-0,0180050000|-0,0124070000|0,0375528563|-0,0161937937
sep-94|-0,0243068600|0,0038762822|-0,0671640000|-0,0254270000|-0,0281831422|-0,0293032822
oct-94|0,0225674100|0,0041704959|-0,1573330000|0,0155840000|0,0183969141|0,0114135041
nov-94|-0,0362678400|0,0046041043|-0,0297470000|-0,0588240000|-0,0408719443|-0,0634281043
dic-94|0,0148758900|0,0045795405|0,1049180000|0,1176090000|0,0102963495|0,1130294595
ene-95|0,0257233800|0,0048248811|-0,0771510000|0,0098040000|0,0208984989|0,0049791189
feb-95|0,0394299500|0,0047679575|0,1016080000|0,0631070000|0,0346619925|0,0583390425
mar-95|0,0294008200|0,0047173290|0,0322580000|-0,0062100000|0,0246834910|-0,0109273290
abr-95|0,0294256700|0,0047094157|0,0255680000|0,0370370000|0,0247162543|0,0323275843
may-95|0,0398547500|0,0046611301|0,0703600000|0,0357140000|0,0351936199|0,0310528699
jun-95|0,0242090100|0,0045058097|-0,0234380000|-0,0209480000|0,0197032003|-0,0254538097
jul-95|0,0332614800|0,0044883592|0,0400000000|0,0465630000|0,0287731208|0,0420746408
ago-95|0,0036052890|0,0043835866|-0,0271790000|-0,0021190000|-0,0007782976|-0,0065025866
sep-95|0,0421446700|0,0043430741|-0,0053050000|0,0897660000|0,0378015959|0,0854229259
oct-95|-0,0035162260|0,0044089971|-0,0666670000|-0,0078430000|-0,0079252231|-0,0122519971
nov-95|0,0442316500|0,0044082031|0,1154290000|0,0612650000|0,0398234469|0,0568567969
dic-95|0,0177067000|0,0041139593|0,0902060000|0,0794790000|0,0135927407|0,0753650407
